Gender,Height,Weight
Male,66.629,221.431
Female,65.111,187.854
Male,67.75,221.138
Male,71.398,220.282
Male,69.599,220.981
Female,65.54,178.7
Male,69.485,208.566
Male,70.079,235.641
Male,66.525,214.128
Female,60.872,166.711
Male,69.163,228.92
Male,65.8,227.468
Male,70.002,231.511
Male,70.57,227.413
Female,62.239,185.304
Male,71.951,245.297
Female,60.108,174.532
Female,65.515,189.648
Female,60.799,179.921
Male,70.439,224.019
Female,58.795,163.854
Male,79.788,295.039
Female,64.528,199.181
Female,63.758,183.829
Female,62.638,158.824
Female,64.998,198.466
Female,63.906,180.27
Female,66.758,196.128
Female,64.286,190.462
Female,64.376,189.408
Male,67.641,209.36
Male,69.229,252.273
Female,64.77,194.209
Female,59.725,166.303
Female,60.63,179.906
Male,64.484,210.145
Female,64.427,178.354
Male,72.049,237.663
Male,69.18,226.836
Male,65.982,210.156
Male,66.997,228.054
Male,70.903,260.589
Female,64.49,185.724
Female,61.554,172.723
Female,65.021,189.888
Female,59.744,165.942
Female,66.573,204.291
Male,70.775,253.157
Female,64.64,178.023
Female,66.457,185.149
Male,67.147,223.989
Female,66.536,213.25
Male,66.781,210.965
Female,60.801,171.516
Male,70.414,224.883
Female,64.065,197.88
Female,65.294,181.903
Male,68.063,206.598
Male,67.67,219.925
Male,67.171,208.028
Male,73.943,250.55
Male,70.134,211.932
Male,65.47,213.583
Male,71.57,247.067
Male,74.942,228.314
Female,66.634,178.23
Female,61.627,181.618
Male,67.644,204.883
Female,65.233,189.559
Female,64.462,197.377
Female,61.854,193.539
Female,65.751,206.152
Male,66.405,220.521
Female,64.305,194.641
Male,59.924,191.125
Female,63.76,169.02
Female,66.873,195.032
Female,62.242,170.536
Male,73.571,244.734
Female,68.427,201.949
Male,67.768,211.129
Female,68.531,209.639
Male,73.036,256.756
Female,62.594,197.326
Male,72.257,227.048
Male,69.029,221.832
Female,65.555,184.793
Male,70.294,233.023
Female,62.182,172.611
Female,63.381,183.154
Female,63.814,180.963
Female,65.552,185.283
Female,64.444,173.714
Female,60.662,171.816
Female,64.95,174.755
Female,65.526,199.706
Female,65.399,192.422
Female,66.702,182.232
Female,66.085,191.247
Male,70.647,239.009
Male,69.787,215.8
Female,59.848,182.795
Female,65.074,171.544
Female,64.519,189.227
Female,64.679,187.114
Female,60.808,179.946
Female,61.297,177.321
Female,66.633,189.012
Female,63.901,182.414
Male,69.86,225.889
Female,64.071,197.043
Male,70.763,237.294
Female,66.346,214.395
Female,62.71,180.233
Male,71.092,232.816
Female,62.844,166.24
Male,68.941,231.675
Female,63.227,167.067
Female,64.555,190.893
Male,67.344,217.937
Female,67.139,182.746
Male,68.434,228.649
Female,63.533,179.301
Male,72.077,249.158
Male,71.311,252.583
Female,64.491,196.934
Female,66.58,193.633
Male,69.059,210.023
Female,64.668,167.152
Female,66.224,187.705
Female,64.206,184.712
Male,68.636,221.617
Male,69.272,227.402
Male,70.666,239.355
Male,66.709,214.344
Male,74.859,257.702
Male,66.183,213.598
Male,65.6,186.496
Male,72.243,228.82
Male,71.217,233.746
Female,62.95,180.812
Male,70.759,240.616
Female,60.639,179.638
Female,61.703,179.146
Female,61.49,185.49
Male,67.104,234.856
Male,71.73,239.571
Male,68.588,219.602
Male,66.689,207.738
Female,61.504,177.102
Male,70.156,226.045
Male,67.422,220.442
Male,66.698,217.067
Male,69.682,228.607
Male,69.686,233.83
Female,64.956,190.753
Male,67.681,230.96
Female,65.231,180.648
Male,64.945,176.607
Female,70.138,201.891
Male,66.988,200.045
Male,68.402,220.113
Female,62.442,173.306
Female,62.611,198.198
Female,62.407,167.69
Male,68.552,232.595
Female,67.551,210.211
Male,66.193,181.776
Male,68.948,218.712
Female,65.179,188.214
Female,62.619,183.365
Male,66.684,217.277
Male,70.454,231.86
Female,60.211,178.951
Female,67.869,209.41
Female,68.49,186.473
Male,70.932,248.555
Male,67.877,218.542
Male,69.627,227.996
Male,69.035,214.459
Male,69.273,221.411
Male,66.836,205.142
Female,63.558,173.173
Male,70.394,252.315
Male,73.063,227.322
Male,71.686,218.224
Female,63.917,198.772
Male,66.851,213.32
Male,71.442,228.462
Female,64.559,186.146
Male,75.131,245.824
Male,66.737,237.228
Male,66.649,223.055
Male,67.322,212.093
Male,63.053,224.627
Female,66.61,190.517
Female,65.705,192.555
Female,68.617,207.269
Male,69.957,245.427
Male,74.253,267.878
Male,71.661,237.859
Female,66.772,196.943
Male,66.484,219.7
Male,70.377,223.566
Female,66.667,192.303
Male,74.128,250.215
Female,67.455,198.938
Female,65.622,188.787
Female,63.582,181.741
Male,72.791,230.899
Male,68.679,238.462
Male,72.466,233.214
Male,64.536,192.847
Male,67.322,224.388
Male,69.015,239.795
Male,69.132,234.719
Female,64.478,186.838
Male,70.744,224.266
Female,60.6,156.693
Male,68.601,241.722
Male,69.337,223.144
Male,70.44,228.972
Female,63.231,200.247
Female,64.548,210.505
Female,64.623,194.874
Female,67.944,206.783
Male,69.93,221.965
Female,64.698,183.363
Male,73.343,245.729
Male,69.324,230.181
Female,62.884,179.854
Female,64.485,183.22
Female,66.684,176.943
Female,61.434,183.214
Female,64.332,176.602
Female,62.25,181.391
Female,66.988,218.691
Female,60.192,161.574
Male,66.298,238.016
Female,64.943,186.912
Female,67.914,212.665
Male,64.076,200.018
Female,62.612,168.153
Male,63.29,209.595
Male,68.246,232.431
Female,58.503,162.952
Male,73.207,242.424
Male,69.207,229.825
Male,73.56,243.036
Male,65.136,227.399
Female,64.61,199.296
Male,68.844,233.619
Female,60.799,176.277
Male,68.908,239.17
Male,63.211,201.622
Male,68.75,208.815
Male,65.347,213.86
Female,61.325,171.603
Female,60.186,174.516
Male,66.368,220.694
Male,67.561,233.885
Female,64.608,187.919
Male,68.824,228.416
Male,71.674,257.961
Male,66.24,215.969
Female,67.609,193.9
Female,63.795,179.222
Female,66.793,210.917
Male,68.7,233.192
Male,66.101,217.03
Female,65.424,202.258
Female,65.119,192.709
Female,65.607,191.878
Female,67.323,202.147
Male,67.041,214.175
Female,65.773,199.542
Male,68.685,217.118
Female,67.6,201.297
Male,70.72,253.277
Female,68.502,202.497
Female,63.9,183.649
Female,60.423,183.03
Female,64.32,193.217
Male,62.555,189.178
Female,66.102,200.965
Male,72.827,242.899
Male,73.606,236.808
Male,68.303,230.142
Male,70.614,231.313
Female,57.94,171.236
Male,77.621,253.644
Male,72.135,234.357
Male,68.642,232.557
Female,65.064,176.458
Female,61.583,170.063
Female,63.881,194.147
Female,63.991,195.495
Male,65.018,218.771
Male,67.19,200.333
Female,66.193,199.935
Male,73.724,228.45
Male,71.469,251.76
Male,68.978,218.777
Female,58.896,173.126
Female,63.382,195.417
Male,66.588,216.862
Female,61.496,179.498
Female,63.297,193.89
Female,68.494,203.712
Female,65.602,183.59
Female,62.572,178.658
Male,65.128,215.187
Female,67.498,193.242
Male,74.346,242.944
Male,65.084,198.06
Female,62.383,176.451
Male,67.178,215.26
Male,67.636,213.923
Male,67.341,226.392
Female,65.588,184.181
Female,66.624,203.088
Male,66.673,232.76
Female,67.293,183.098
Female,64.494,180.349
Female,69.188,199.061
Female,62.277,169.709
Male,67.385,217.241
Male,71.115,233.557
Female,62.371,176.841
Female,62.79,161.123
Male,69.278,214.461
Male,71.104,257.217
Female,65.307,191.828
Male,70.521,239.332
Female,63.939,199.363
Female,69.356,194.334
Male,66.863,211.416
Male,63.946,215.823
Female,64.095,204.385
Female,64.3,199.59
Male,69.727,222.906
Female,61.443,170.856
Male,70.788,235.237
Female,59.829,159.579
Male,68.815,228.545
Male,65.609,208.47
Male,67.175,211.694
Female,67.935,229.336
Female,60.936,177.667
Male,67.923,214.262
Female,64.561,187.989
Male,67.385,183.764
Male,71.34,235.7
Female,62.853,177.318
Female,66.697,191.546
Male,73.036,238.179
Female,63.568,176.05
Female,66.209,206.047
Male,70.616,220.79
Male,68.431,226.563
Female,67.691,197.486
Male,67.309,232.613
Male,69.242,225.389
Female,64.99,181.287
Male,72.27,229.678
Male,69.712,218.783
Female,62.624,167.038
Female,62.321,171.091
Male,67.635,230.319
Male,67.789,210.412
Female,65.359,194.062
Female,63.073,184.23
Female,65.929,202.226
Female,56.879,156.141
Male,71.439,207.385
Female,59.651,167.571
Female,63.094,185.029
Male,67.857,216.982
Female,60.763,148.665
Male,66.177,218.989
Female,62.831,195.55
Female,64.866,198.727
Female,63.883,195.185
Male,73.694,231.572
Male,69.915,233.142
Female,60.793,175.143
Male,71.322,241.548
Male,62.809,197.212
Male,69.66,209.087
Male,71.158,249.19
Male,64.86,198.055
Male,72.203,230.188
Female,63.128,182.519
Female,63.127,188.519
Male,70.772,221.283
Female,69.192,183.806
Female,64.955,184.314
Female,65.075,178.093
Female,66.576,191.221
Male,66.62,210.388
Female,63.352,178.877
Female,63.509,198.561
Male,69.2,213.536
Male,67.663,184.425
Female,65.819,199.498
Female,64.13,175.131
Female,65.832,203.718
Female,63.798,184.435
Female,64.197,193.491
Female,59.004,155.299
Male,67.756,220.151
Female,64.866,197.644
Female,66.495,199.744
Male,66.418,230.379
Male,71.435,228.705
Male,72.796,232.991
Male,70.158,224.916
Female,61.4,192.028
Female,65.532,183.122
Female,61.366,181.85
Female,62.441,176.476
Female,68.785,211.172
Female,63.523,178.652
Male,68.844,206.041
Female,66.175,195.11
Male,65.849,210.385
Male,75.848,254.151
Female,64.912,184.517
Male,69.306,230.463
Female,63.856,175.48
Male,70.347,226.444
Female,66.627,194.596
Male,66.787,216.899
Female,66.968,205.716
Female,65.597,192.195
Female,61.142,171.941
Female,68.084,202.559
Female,61.134,180.008
Male,66.229,207.663
Male,68.648,239.287
Male,69.156,227.016
Female,64.822,196.469
Male,64.261,209.992
Female,65.055,190.415
Female,68.034,208.866
Male,67.805,232.481
Male,66.166,208.73
Female,66.41,189.905
Male,71.305,224.41
Female,60.931,189.214
Female,65.494,179.583
Female,65.753,178.336
Female,63.256,184.672
Female,67.439,200.266
Male,68.273,221.273
Male,64.791,211.989
Female,63.567,182.037
Female,64.039,201.054
Male,61.449,189.273
Male,68.848,236.645
Female,67.986,200.913
Male,70.949,265.347
Female,61.522,174.328
Male,72.154,243.604
Female,62.403,179.819
Male,65.902,207.32
Female,68.105,189.819
Male,69.166,222.701
Male,69.039,227.697
Female,69.631,205.347
Male,69.555,215.917
Female,63.188,188.329
Male,67.394,234.077
Female,69.727,211.374
Male,68.908,199.625
Female,59.887,180.948
Male,67.004,232.082
Female,70.099,200.247
Male,68.286,210.296
Female,65.41,179.063
Female,65.487,189.607
Female,66.134,199.198
Male,72.489,238.333
Female,64.703,188.052
Male,68.04,216.481
Female,63.844,186.892
Male,65.059,227.15
Female,63.298,204.089
Male,65.89,226.113
Male,73.906,265.834
Female,61.529,196.35
Male,72.56,236.342
Male,71.021,239.438
Female,67.48,196.346
Male,67.531,208.047
Male,70.37,235.558
Male,65.578,195.953
Female,66.352,210.742
Male,68.327,216.896
Female,63.438,181.087
